﻿Designator,Footprint,Quantity,Value,LCSC Part #
"C1, C2, C7, C8",0603,4,22nF,
"C10, C3, C5, C9",0603,4,4.7uF,
"C11, C12, C13, C14, C15, C6",0603,6,1uF,
C4,0603,1,1.0uF,
"L1, L2",1206,2,6.8uH,C3223943
Q1,SOT-23,1,PNP,C2147
"R1, R3",0402,2,400k,
"R2, R4",0402,2,100k,
R5,0402,1,1.3k,
"R6, R7",0402,2,10K,
S1,SM101K12L,1,~,
"U1, U2",MSOP-16-1EP_3x4.039mm_P0.5mm_EP1.651x2.845mm_ThermalVias,2,~,C684231
U3,TSOT-23-8_HandSoldering,1,~,C687184
"U4, U5, U6",TSSOP-16_4.4x5mm_P0.65mm,3,INA260,C2155885
